Cod_setor;Situacao_setor;V001;V002;V003;V004;V005;V006;V007;V008;V009;V010;V011;V012;V013;V014;
120001305000001;1;0;601805;601805;0;7;20;63;88;52;24;11;6;1;10;
120001305000002;1;2;385433;385033;400;21;43;95;125;36;3;6;4;0;11;
120001305000003;1;1;532208;531794;414;24;62;143;156;64;5;3;1;3;22;
120001305000004;5;0;58853;58853;0;2;5;11;22;7;4;0;0;0;2;
120001305000005;8;0;112979;112979;0;4;15;22;31;17;3;2;0;0;2;
120001305000006;8;2;264538;263538;1000;16;21;40;35;15;2;0;0;1;1;
120001305000007;8;0;119591;119591;0;8;15;29;32;15;3;2;0;0;0;
120001305000008;8;0;134863;134863;0;37;28;45;40;12;3;1;1;0;51;
120001305000009;8;7;83701;82157;1544;39;37;45;32;4;0;0;0;0;20;
120001305000010;8;0;140217;140217;0;29;76;74;33;8;0;2;1;0;6;
120001305000011;8;0;183941;183941;0;13;40;49;49;20;2;3;1;1;32;
120001305000012;1;0;323655;323655;0;12;28;75;89;23;7;3;3;1;16;
120001305000013;1;1;418284;417484;800;11;38;98;87;51;11;6;2;2;7;
120001305000014;8;0;241031;241031;0;11;33;56;55;32;9;1;2;0;11;
120001305000015;8;1;101561;100451;1110;22;21;44;28;6;0;1;0;0;25;
120001305000016;8;0;115599;115599;0;51;62;46;39;9;3;1;0;0;8;
120005405000001;1;0;412059;412059;0;5;25;45;90;48;18;11;3;0;15;
120005405000002;1;0;498400;498400;0;13;20;51;64;69;31;13;4;1;8;
120005405000003;1;0;495542;495542;0;34;65;140;126;60;10;6;1;1;19;
120005405000004;8;0;21582;21582;0;23;8;8;7;0;0;0;0;0;3;
120005405000007;8;"X";"X";"X";"X";"X";"X";"X";"X";"X";"X";"X";"X";"X";"X";
120005405000008;8;"X";"X";"X";"X";"X";"X";"X";"X";"X";"X";"X";"X";"X";"X";
120005405000009;8;0;22596;22596;0;15;7;6;9;0;0;0;0;0;16;
120005405000010;8;0;70017;70017;0;29;21;22;20;3;0;0;0;1;129;
120005405000011;8;0;9676;9676;0;12;4;4;3;1;0;0;0;0;25;
120005405000012;8;0;102517;102517;0;27;22;33;21;11;2;1;1;1;24;
120010405000001;1;5;692091;686951;5140;3;19;56;85;88;33;14;12;4;8;
120010405000002;1;0;473052;473052;0;0;19;30;74;54;27;14;7;3;45;
120010405000003;1;0;708854;708854;0;10;23;76;105;95;29;23;8;1;35;
120010405000004;1;2;539189;538389;800;11;35;80;93;60;17;12;6;6;6;
120010405000005;1;0;305087;305087;0;14;39;75;100;37;7;3;3;0;23;
120010405000006;1;0;217809;217809;0;5;28;41;40;20;8;3;3;0;30;
120010405000007;1;0;162013;162013;0;33;56;69;45;12;2;2;0;0;13;
120010405000008;1;0;218871;218871;0;10;29;52;79;32;5;4;0;0;9;
120010405000009;8;0;220379;220379;0;62;61;75;61;15;2;3;3;0;33;
120010405000010;8;2;42128;41168;960;36;28;18;3;2;0;0;0;0;7;
120010405000011;8;0;83241;83241;0;47;22;25;13;5;1;1;0;0;14;
120010405000012;8;0;102303;102303;0;17;18;26;26;10;3;2;0;1;22;
120010405000013;8;1;215103;213603;1500;49;61;50;41;10;1;2;2;2;7;
120010405000014;8;0;65755;65755;0;12;15;20;29;6;1;0;0;0;6;
120010405000015;8;3;285492;282415;3077;30;58;80;77;28;7;1;1;1;13;
120010405000016;8;0;35368;35368;0;5;11;12;10;3;1;0;0;0;0;
120010405000017;8;0;111644;111644;0;22;27;35;40;11;2;1;0;0;26;
120010405000018;8;0;34649;34649;0;22;14;16;6;2;1;0;0;0;15;
120010405000019;8;0;66369;66369;0;10;19;29;13;9;1;2;0;0;12;
120010405000020;8;0;7300;7300;0;7;1;1;2;1;0;0;0;0;15;
120010405000021;1;4;501205;496725;4480;2;33;92;135;73;11;9;4;0;1;
120010405000022;1;1;415812;415762;50;28;47;108;115;40;10;6;2;0;19;
120010405000023;1;5;689174;679054;10120;13;37;96;165;101;23;12;4;3;11;
120010405000024;1;0;146764;146764;0;25;41;57;46;11;2;0;0;0;4;
120010405000025;1;0;352854;352854;0;16;27;82;73;42;7;7;4;1;41;
120010405000026;8;0;13172;13172;0;11;7;6;0;0;1;1;0;0;0;
120010405000027;8;"X";"X";"X";"X";"X";"X";"X";"X";"X";"X";"X";"X";"X";"X";
120010405000028;5;1;53078;51548;1530;7;8;24;19;7;0;1;0;0;6;
120010405000029;2;0;106032;106032;0;5;23;32;28;11;4;1;1;0;2;
120010405000030;2;"X";"X";"X";"X";"X";"X";"X";"X";"X";"X";"X";"X";"X";"X";
120010405000031;1;13;332695;320043;12652;1;3;15;34;36;20;12;6;3;0;
120013805000001;1;0;398287;398287;0;15;45;103;117;54;7;5;2;0;3;
120013805000002;1;0;550674;550674;0;6;30;59;99;58;23;10;6;2;7;
120013805000003;8;2;122224;121534;690;31;35;45;34;12;3;0;1;0;17;
120013805000004;8;"X";"X";"X";"X";"X";"X";"X";"X";"X";"X";"X";"X";"X";"X";
120013805000005;8;1;84229;83569;660;1;11;21;22;8;2;0;0;1;4;
120013805000006;8;0;101046;101046;0;14;18;25;27;17;2;0;0;0;2;
120013805000007;8;0;236324;236324;0;12;59;87;67;26;5;2;2;0;5;
120013805000008;8;0;197291;197291;0;5;12;35;32;20;4;6;4;1;13;
120013805000009;8;0;113978;113978;0;36;31;50;28;13;2;1;1;0;21;
120013805000010;8;0;218164;218164;0;40;48;60;63;20;6;2;3;0;25;
120013805000011;1;2;251771;250541;1230;19;42;82;54;29;4;6;2;0;21;
120013805000012;8;0;57097;57097;0;10;23;18;17;3;1;0;0;0;4;
120013805000013;8;"X";"X";"X";"X";"X";"X";"X";"X";"X";"X";"X";"X";"X";"X";
120013805000014;1;0;312544;312544;0;2;13;27;35;33;10;0;1;2;0;
120017905000001;1;2;439467;438477;990;21;50;103;97;49;12;7;4;1;7;
120017905000002;1;0;642320;642320;0;1;32;88;132;70;25;11;2;1;1;
120017905000003;8;0;96199;96199;0;21;23;18;23;14;3;2;1;0;23;
120017905000004;8;0;28311;28311;0;13;9;8;8;4;0;0;0;0;9;
120017905000005;8;1;265746;264706;1040;28;37;61;66;27;9;4;2;0;23;
120017905000006;8;0;10140;10140;0;0;3;4;5;0;0;0;0;0;1;
120017905000007;8;0;36987;36987;0;3;7;11;16;2;0;0;1;0;4;
120017905000008;1;0;440489;440489;0;18;42;84;109;40;14;5;4;1;9;
120017905000009;8;1;174494;174194;300;34;68;71;51;18;0;1;1;0;4;
120017905000010;8;0;57071;57071;0;10;12;16;21;8;0;1;0;0;7;
120017905000011;8;0;197617;197617;0;35;53;65;43;21;4;3;1;0;14;
120017905000012;8;0;32005;32005;0;8;13;12;8;4;2;0;0;0;7;
120017905000013;5;0;44796;44796;0;3;10;10;18;5;0;1;0;0;6;
120017905000014;2;0;15335;15335;0;0;2;0;5;3;0;0;0;0;0;
120017905000015;2;"X";"X";"X";"X";"X";"X";"X";"X";"X";"X";"X";"X";"X";"X";
120017905000016;8;3;111816;110106;1710;10;14;28;35;16;3;1;0;0;14;
120017905000017;8;"X";"X";"X";"X";"X";"X";"X";"X";"X";"X";"X";"X";"X";"X";
120017905000018;8;0;11292;11292;0;4;2;7;4;0;1;0;0;0;0;
120020305000001;1;0;1061172;1061172;0;3;6;25;46;57;39;20;24;14;2;
120020305000002;1;1;707332;706822;510;8;26;61;92;69;28;17;9;2;7;
120020305000003;1;0;644408;644408;0;7;29;64;106;52;32;14;1;2;6;
120020305000004;1;0;628241;628241;0;22;35;107;113;55;21;12;3;0;8;
120020305000005;1;0;516093;516093;0;11;46;72;118;59;18;8;1;1;4;
120020305000006;1;0;215093;215093;0;10;24;44;43;28;5;3;1;0;33;
120020305000007;1;0;500173;500173;0;48;68;109;93;48;6;8;2;0;11;
120020305000008;1;1;348866;348466;400;9;19;31;53;39;8;8;4;0;6;
120020305000009;1;0;812091;812091;0;4;11;31;39;51;26;25;27;9;5;
120020305000010;1;1;619478;618968;510;2;10;20;60;48;22;23;6;5;4;
120020305000011;1;0;938009;938009;0;8;20;52;91;108;30;14;11;4;10;
120020305000012;1;0;696055;696055;0;4;15;52;81;54;22;15;6;6;0;
120020305000013;1;3;253690;252628;1062;35;40;65;60;24;4;3;1;0;20;
120020305000014;1;0;449012;449012;0;19;39;88;82;60;13;8;1;0;35;
120020305000015;1;1;151406;150446;960;5;25;39;32;24;1;2;0;0;3;
120020305000016;1;0;360585;360585;0;29;79;133;93;30;2;1;1;0;8;
120020305000017;1;2;223741;223316;425;19;41;68;59;12;6;1;0;0;5;
120020305000018;1;0;551156;551156;0;4;14;47;68;47;21;14;3;6;5;
120020305000019;1;0;181460;181460;0;11;24;44;41;15;6;3;1;0;23;
120020305000020;1;0;791985;791985;0;23;47;85;75;59;21;16;11;2;24;
120020305000021;1;1;745999;745499;500;2;21;52;78;86;38;15;9;3;10;
120020305000022;1;0;434698;434698;0;7;25;61;80;51;18;7;2;0;2;
120020305000023;1;0;477976;477976;0;17;34;68;75;59;9;11;7;0;6;
120020305000024;1;2;782180;781180;1000;10;35;89;130;71;36;18;10;2;4;
120020305000025;1;0;340679;340679;0;8;17;52;60;40;12;11;0;1;2;
120020305000026;1;1;265333;264533;800;0;16;24;32;35;6;7;0;1;0;
120020305000027;1;0;496118;496118;0;44;79;102;84;41;15;4;4;1;23;
120020305000028;1;0;197454;197454;0;48;46;79;51;12;1;0;1;0;33;
120020305000029;1;0;199479;199479;0;21;65;78;51;18;0;1;0;0;6;
120020305000030;1;0;509617;509617;0;21;54;78;96;47;17;7;4;2;5;
120020305000031;1;0;314205;314205;0;0;2;21;50;33;7;7;2;1;3;
120020305000032;1;1;259735;258845;890;5;30;58;45;39;4;4;3;0;5;
120020305000033;1;0;319977;319977;0;17;29;36;38;28;10;6;2;1;3;
120020305000034;1;0;502290;502290;0;22;56;65;69;42;9;8;8;3;8;
120020305000035;1;1;825795;825595;200;9;31;110;114;69;26;23;15;1;4;
120020305000036;1;0;294128;294128;0;52;55;99;55;27;1;0;2;0;39;
120020305000037;1;0;273721;273721;0;30;38;87;65;20;4;4;2;0;18;
120020305000038;5;0;201205;201205;0;41;49;71;49;14;0;3;0;0;10;
120020305000039;8;0;211855;211855;0;11;45;49;63;24;5;1;1;0;119;
120020305000040;8;0;259576;259576;0;34;33;30;35;12;4;4;0;2;25;
120020305000041;5;0;169518;169518;0;15;32;55;48;14;4;3;0;0;8;
120020305000042;5;0;37032;37032;0;15;5;15;12;2;0;0;0;0;5;
120020305000043;8;2;215055;214755;300;37;55;66;53;18;2;1;1;0;12;
120020305000044;5;3;263154;262694;460;67;87;103;70;11;1;0;1;0;10;
120020305000045;5;0;91520;91520;0;27;39;28;18;4;1;1;0;0;33;
120020305000046;5;0;122924;122924;0;7;17;27;30;19;3;1;0;0;38;
120020305000047;8;2;104081;103381;700;99;29;23;22;11;3;2;0;0;126;
120020305000048;8;0;145368;145368;0;34;45;48;36;8;4;0;0;0;7;
120020305000049;8;1;23965;22965;1000;4;7;6;3;1;2;2;0;0;10;
120020305000050;8;0;22137;22137;0;24;6;10;4;1;0;0;0;0;62;
120020305000051;8;0;68830;68830;0;27;29;10;18;3;1;1;0;0;32;
120020305000052;8;0;5220;5220;0;4;3;1;2;0;0;0;0;0;1;
120020305000053;8;0;96690;96690;0;68;52;26;18;7;1;1;0;0;12;
120020305000054;8;0;45164;45164;0;15;17;15;7;1;1;0;0;0;6;
120020305000055;8;2;12744;12744;0;7;7;3;3;0;0;0;0;0;11;
120020305000056;8;1;56661;56161;500;42;25;25;13;2;0;0;0;0;17;
120020305000057;8;3;53139;53139;0;7;11;21;18;1;1;0;0;0;67;
120020305000058;8;0;9970;9970;0;0;0;3;4;2;0;0;0;0;8;
120020305000059;8;0;187995;187995;0;55;67;57;68;4;1;0;0;0;9;
120020305000060;8;0;1000;1000;0;2;1;0;0;0;0;0;0;0;2;
120020305000061;8;0;58961;58961;0;22;20;30;5;5;0;0;0;0;27;
120020305000062;8;0;32130;32130;0;28;18;20;6;1;0;0;0;0;31;
120020305000063;1;0;164591;164591;0;18;27;37;27;15;6;2;3;0;4;
120020305000064;1;0;1059466;1059466;0;6;20;41;68;32;25;25;28;8;3;
120020305000065;1;0;174589;174589;0;14;34;48;52;9;0;2;0;0;2;
120020305000066;1;0;932571;932571;0;10;29;54;82;94;48;26;7;5;2;
120020305000067;1;1;567896;566696;1200;14;47;89;90;67;11;16;5;0;4;
120020305000068;1;1;512608;511008;1600;43;96;170;113;35;10;7;1;1;9;
120020305000069;1;0;390032;390032;0;13;41;70;91;46;8;1;4;1;13;
120020305000070;8;0;235538;235538;0;22;40;54;45;18;3;4;3;1;8;
120020305000071;8;0;263969;263969;0;17;35;54;49;37;4;3;1;0;22;
120020305000072;8;0;130313;130313;0;10;33;45;43;12;1;0;0;0;2;
120020305000073;8;0;198522;198522;0;23;55;82;44;17;1;1;0;0;17;
120020305000074;8;0;70578;70578;0;18;25;23;18;2;2;0;0;0;68;
120020305000076;8;0;8590;8590;0;2;4;0;4;0;0;0;0;0;13;
120020305000077;8;0;15858;15858;0;11;5;8;4;1;0;0;0;0;3;
120020305000079;8;0;175293;175293;0;98;59;67;49;11;1;0;0;0;31;
120020305000080;8;0;20760;20760;0;25;10;10;3;1;0;0;0;0;39;
120020305000081;1;0;401991;401991;0;9;19;47;47;25;8;9;6;9;11;
120020305000082;1;0;207371;207371;0;1;6;18;34;22;8;4;2;0;0;
120020305000083;1;0;190336;190336;0;5;24;39;39;25;7;3;0;0;7;
120020305000084;1;0;613225;613225;0;3;17;31;59;56;28;16;10;2;10;
120020305000085;1;0;414435;414435;0;3;30;71;78;56;12;5;2;1;5;
120020305000086;1;0;354599;354599;0;17;20;50;60;27;10;2;0;3;5;
120020305000087;1;1;143501;142501;1000;14;42;37;33;18;2;0;0;0;6;
120020305000088;1;0;227929;227929;0;12;27;48;63;25;6;1;1;0;6;
120025205000001;1;0;534923;534923;0;16;25;90;113;61;15;18;7;2;13;
120025205000002;1;1;311763;311541;222;27;48;98;83;42;7;2;3;0;28;
120025205000003;1;0;291513;291513;0;31;70;109;100;31;2;2;0;0;22;
120025205000004;1;1;491835;490735;1100;3;18;44;72;63;22;12;4;5;14;
120025205000005;1;0;612761;612761;0;20;43;105;136;77;25;14;2;1;24;
120025205000006;1;13;1094784;1066144;28640;10;36;109;128;108;40;33;18;8;11;
120025205000007;1;2;405778;404568;1210;4;15;60;94;39;20;12;3;1;10;
120025205000008;8;0;48560;48560;0;7;12;17;20;6;0;0;0;0;2;
120025205000009;8;0;172104;172104;0;13;34;49;61;15;4;0;0;1;7;
120025205000010;8;2;155373;152878;2495;34;32;58;47;10;2;2;2;0;7;
120025205000011;8;0;56112;56112;0;13;19;29;17;8;0;1;1;0;23;
120025205000012;8;0;51116;51116;0;42;26;23;11;5;0;1;0;0;30;
120025205000013;8;0;55800;55800;0;2;10;14;14;6;2;0;0;1;5;
120025205000014;8;0;53147;53147;0;3;11;24;22;4;0;0;0;0;0;
120025205000015;8;0;93515;93515;0;16;29;18;25;9;3;2;0;0;2;
120025205000016;8;0;10628;10628;0;7;10;9;1;0;0;0;0;0;4;
120025205000017;1;2;386403;385703;700;8;18;33;51;28;23;10;4;3;10;
120025205000018;1;0;417416;417416;0;30;74;126;113;47;9;4;2;1;12;
120025205000019;8;0;16751;16751;0;0;0;3;6;3;0;0;1;0;0;
120025205000020;8;0;38224;38224;0;6;8;10;10;6;0;1;0;0;1;
120025205000021;2;0;27949;27949;0;2;2;5;7;1;2;0;1;0;0;
120025205000022;2;0;13604;13604;0;0;1;4;7;1;0;0;0;0;1;
120025205000023;2;0;17501;17501;0;1;1;1;4;1;0;1;0;0;0;
120025205000024;8;2;147440;145445;1995;46;43;61;47;13;2;3;0;0;23;
120030205000001;1;0;367010;367010;0;12;33;61;53;32;12;8;3;1;50;
120030205000002;1;0;329379;329379;0;18;47;57;64;35;7;3;3;0;4;
120030205000003;1;1;214996;213996;1000;29;50;81;49;26;4;1;0;0;7;
120030205000004;1;0;458021;458021;0;15;16;35;58;50;13;13;4;2;12;
120030205000005;1;1;390628;388028;2600;10;27;74;68;43;16;6;4;1;3;
120030205000006;1;3;251872;248302;3570;32;53;64;51;21;10;2;0;1;23;
120030205000007;1;0;58548;58548;0;9;13;18;18;1;1;2;0;0;0;
120030205000008;1;1;519651;518151;1500;13;50;102;115;51;17;3;3;1;5;
120030205000009;1;1;485567;484547;1020;1;4;14;30;51;22;10;7;7;1;
120030205000010;1;1;690461;688861;1600;4;14;55;73;86;30;19;3;2;2;
120030205000011;1;0;225125;225125;0;10;20;41;44;29;6;3;2;0;8;
120030205000012;8;6;29102;27120;1982;9;9;13;10;3;0;0;0;0;27;
120030205000013;8;0;40715;40715;0;32;15;14;2;0;0;0;1;0;22;
120030205000014;8;0;19046;19046;0;62;8;4;1;1;0;0;0;0;44;
120030205000015;8;0;15777;15777;0;24;14;4;2;1;0;0;0;0;8;
120030205000016;8;1;23670;22470;1200;29;13;9;3;0;1;0;0;0;6;
120030205000017;8;0;28412;28412;0;36;16;9;3;0;0;0;0;0;4;
120030205000018;8;0;6786;6786;0;12;5;1;0;1;0;0;0;0;3;
120030205000019;8;0;8004;8004;0;29;2;0;1;0;0;0;0;0;23;
120030205000020;8;0;2797;2797;0;2;2;1;0;0;0;0;0;0;9;
120030205000021;8;0;4062;4062;0;2;5;2;0;0;0;0;0;0;11;
120030205000022;8;0;12170;12170;0;1;5;9;3;0;0;0;0;0;0;
120030205000024;8;0;17850;17850;0;2;21;6;2;0;0;0;0;0;4;
120030205000025;8;0;27597;27597;0;17;16;13;2;1;0;0;0;0;8;
120030205000026;8;0;62054;62054;0;56;28;19;16;4;0;1;0;0;47;
120030205000027;8;0;36799;36799;0;61;16;13;5;0;0;0;0;0;80;
120030205000028;8;0;48700;48700;0;58;31;13;6;1;0;0;0;0;37;
120030205000029;8;1;20293;19293;1000;33;13;7;3;0;0;0;0;0;7;
120030205000030;8;0;44817;44817;0;67;21;18;9;1;0;0;0;0;57;
120030205000031;8;2;34864;32884;1980;24;16;21;6;1;0;0;0;0;60;
120030205000032;8;0;116486;116486;0;88;48;42;17;7;0;0;0;0;29;
120030205000033;8;2;45549;44349;1200;26;11;9;5;6;3;1;0;0;41;
120030205000034;8;0;15320;15320;0;37;10;4;0;0;0;0;0;0;78;
120030205000035;8;0;39084;39084;0;47;25;11;9;0;0;0;0;0;24;
120030205000036;8;0;24830;24830;0;21;11;10;8;4;0;0;0;0;34;
120030205000037;1;2;384198;381198;3000;14;61;91;81;37;2;4;3;0;1;
120030205000038;1;1;237533;236323;1210;54;65;89;62;23;2;0;0;0;11;
120030205000039;1;3;527549;524649;2900;85;117;179;118;69;3;4;0;0;48;
120030205000040;1;0;287541;287541;0;17;45;52;41;18;7;8;1;0;56;
120030205000041;8;0;136023;136023;0;150;82;55;32;6;0;0;0;0;82;
120030205000042;8;2;26868;24068;2800;17;15;7;9;1;1;0;0;0;16;
120030205000043;8;1;41017;40437;580;16;10;17;8;1;0;0;0;0;83;
120030205000044;8;1;163644;163294;350;92;58;61;38;13;2;1;0;0;27;
120032805000001;1;2;493315;491615;1700;19;52;70;82;42;10;4;11;1;9;
120032805000002;1;0;196069;196069;0;21;45;59;36;18;1;1;3;0;6;
120032805000003;8;0;57955;57955;0;57;28;15;16;2;0;0;0;0;36;
120032805000004;8;0;23191;23191;0;12;10;4;6;4;0;0;0;0;42;
120032805000006;8;0;99644;99644;0;113;52;35;14;2;0;0;0;0;52;
120032805000007;8;0;9660;9660;0;6;6;3;2;0;0;0;0;0;8;
120032805000008;8;0;10010;10010;0;1;7;2;3;0;0;0;0;0;21;
120032805000009;8;0;30500;30500;0;0;5;7;9;1;0;0;0;0;19;
120032805000011;8;0;10187;10187;0;2;4;4;4;1;0;0;0;0;17;
120032805000012;8;0;24140;24140;0;2;6;5;7;1;0;0;0;0;22;
120032805000013;8;0;53004;53004;0;49;18;13;17;4;0;0;0;0;39;
120033605000001;1;0;410266;410266;0;13;28;67;76;47;3;7;2;1;3;
120033605000002;1;0;309021;309021;0;59;47;63;70;31;6;4;1;0;9;
120033605000003;1;2;452723;449443;3280;37;49;69;80;43;16;7;3;1;4;
120033605000004;1;4;352454;346654;5800;51;44;75;81;45;7;6;2;0;18;
120033605000005;8;0;55090;55090;0;22;30;19;11;8;0;0;0;0;33;
120033605000006;8;1;8897;8763;134;2;4;4;1;2;0;0;0;0;0;
120033605000007;8;0;11240;11240;0;1;1;3;2;1;0;0;0;0;7;
120033605000008;8;0;31861;31861;0;27;12;12;7;2;0;0;0;0;22;
120033605000009;8;0;81218;81218;0;37;23;30;21;5;1;0;0;0;7;
120033605000010;8;5;31654;29584;2070;27;5;11;11;3;0;0;0;0;9;
120033605000011;8;0;69055;69055;0;15;27;24;22;3;1;0;0;0;42;
120033605000012;8;0;213899;213899;0;61;41;56;49;8;4;0;4;0;51;
120033605000013;8;0;23192;23192;0;10;7;13;6;1;0;0;0;0;32;
120033605000014;1;0;223241;223241;0;53;61;76;66;17;0;2;0;0;5;
120033605000015;1;2;443509;437859;5650;45;59;106;81;57;10;8;2;1;10;
120033605000016;1;0;587097;587097;0;26;40;65;108;70;18;6;3;2;5;
120033605000017;8;2;182290;177780;4510;57;34;63;50;10;2;0;2;0;33;
120033605000018;8;0;95222;95222;0;37;39;34;19;4;0;1;0;0;7;
120033605000019;8;0;7630;7630;0;0;0;1;3;1;0;0;0;0;0;
120033605000020;8;0;5200;5200;0;2;4;2;1;0;0;0;0;0;24;
120033605000021;8;0;11447;11447;0;13;5;2;4;1;0;0;0;0;21;
120033605000022;8;0;30585;30585;0;12;12;12;12;1;0;0;0;0;0;
120034405000001;1;5;316511;310661;5850;6;17;41;59;38;13;7;4;1;2;
120034405000002;1;1;346175;345775;400;13;30;61;66;32;7;4;3;2;11;
120034405000003;1;0;369463;369463;0;41;47;78;81;42;8;5;5;0;33;
120034405000004;8;1;45595;45295;300;20;17;17;19;2;1;0;0;0;53;
120034405000005;8;0;19952;19952;0;11;6;4;3;0;1;0;0;0;13;
120034405000006;8;0;20740;20740;0;45;16;4;2;0;0;0;0;0;7;
120034405000007;8;0;7720;7720;0;5;3;1;4;0;0;0;0;0;2;
120034405000008;8;1;67312;67312;0;16;16;12;22;5;1;1;0;0;23;
120034405000009;8;0;15334;15334;0;1;3;2;6;2;0;0;0;0;4;
120034405000010;1;1;523857;517857;6000;22;37;83;87;46;14;6;5;5;22;
120034405000011;1;0;259491;259491;0;17;34;54;59;29;6;2;3;0;4;
120034405000012;8;0;109979;109979;0;37;34;46;25;4;1;1;0;1;14;
120034405000013;8;1;27421;26911;510;11;3;9;8;2;0;0;0;0;10;
120035105000001;1;0;340941;340941;0;27;45;82;89;28;4;3;2;0;68;
120035105000002;1;0;169837;169837;0;5;20;38;35;14;3;3;3;1;27;
120035105000003;8;0;28656;28656;0;17;11;8;9;0;1;0;0;0;20;
120035105000004;8;1;115666;114696;970;46;46;43;29;8;1;0;0;0;45;
120035105000005;8;1;132480;131940;540;68;50;41;29;6;0;0;1;0;41;
120035105000006;8;0;70684;70684;0;27;25;25;15;2;1;0;0;0;47;
120035105000007;8;0;6049;6049;0;19;4;1;0;0;0;0;0;0;38;
120035105000008;8;0;32023;32023;0;26;14;10;4;1;1;0;0;0;28;
120035105000009;8;0;100401;100401;0;61;44;30;18;4;2;0;0;0;56;
120035105000010;8;0;14251;14251;0;11;11;5;1;0;0;0;0;0;4;
120035105000013;8;0;20227;20227;0;13;8;6;5;0;0;0;0;0;6;
120035105000014;8;0;83942;83942;0;12;13;20;19;8;0;1;0;0;1;
120035105000015;8;0;29752;29752;0;10;18;13;3;0;0;0;0;0;21;
120035105000016;1;0;444664;444664;0;25;77;98;105;35;5;2;3;0;12;
120035105000017;8;0;72950;72950;0;40;30;19;21;3;2;0;0;0;4;
120035105000018;8;0;104498;104498;0;106;37;39;25;2;0;0;0;0;14;
120035105000019;8;0;16785;16785;0;16;3;5;5;0;0;0;0;0;6;
120035105000020;8;"X";"X";"X";"X";"X";"X";"X";"X";"X";"X";"X";"X";"X";"X";
120035105000021;8;5;91006;89512;1494;56;31;30;19;7;0;1;0;0;57;
120035105000023;8;"X";"X";"X";"X";"X";"X";"X";"X";"X";"X";"X";"X";"X";"X";
120035105000024;8;1;49082;48992;90;29;23;17;10;1;0;0;0;0;7;
120038505000001;1;8;700908;693968;6940;9;24;45;64;52;16;16;13;6;32;
120038505000002;1;1;221823;221223;600;7;16;29;54;21;5;7;2;2;1;
120038505000003;1;1;255811;255091;720;46;62;87;66;36;4;1;2;0;43;
120038505000004;1;0;281897;281897;0;5;39;69;71;45;9;4;0;0;9;
120038505000005;1;0;417937;417937;0;16;35;69;83;49;16;9;9;1;48;
120038505000006;1;0;205873;205873;0;22;35;44;48;21;8;4;1;0;12;
120038505000007;1;2;468379;467669;710;17;39;77;112;56;13;9;6;0;6;
120038505000008;8;1;309803;308993;810;42;94;130;86;34;5;3;0;0;8;
120038505000009;8;0;61932;61932;0;3;2;6;9;6;0;0;0;1;1;
120038505000010;8;2;233253;232393;860;12;36;57;64;22;7;4;2;1;20;
120038505000011;1;1;216183;215673;510;37;45;64;50;22;4;2;2;0;56;
120038505000012;8;0;107052;107052;0;6;9;30;19;6;1;1;2;1;1;
120038505000013;8;0;56840;56840;0;10;16;21;19;12;0;0;0;0;57;
120038505000014;8;0;118339;118339;0;17;37;48;42;8;1;1;1;0;23;
120038505000015;8;3;210047;208547;1500;8;45;83;64;17;4;2;1;1;5;
120038505000016;8;0;105703;105703;0;29;35;39;31;9;1;3;0;0;7;
120038505000017;8;0;226084;226084;0;27;62;59;58;24;0;3;0;2;11;
120038505000018;8;0;113763;113763;0;32;31;48;43;4;0;0;0;0;9;
120038505000019;1;1;280782;279782;1000;11;14;35;65;40;5;9;3;0;8;
120038510000001;1;0;176101;176101;0;10;33;57;44;20;4;2;0;0;6;
120038510000002;1;0;122373;122373;0;13;25;35;37;13;1;0;1;0;10;
120038510000003;1;0;242356;242356;0;12;49;71;76;29;7;1;0;0;9;
120039305000001;1;8;345534;333252;12282;20;28;61;60;26;8;5;4;1;43;
120039305000002;1;3;428974;426819;2155;46;68;95;95;37;5;1;2;1;47;
120039305000003;8;1;142470;142470;0;34;28;47;31;11;2;1;1;0;80;
120039305000004;8;1;29027;29027;0;8;17;14;5;1;0;0;0;0;43;
120039305000005;8;1;165730;164230;1500;22;23;46;38;10;2;0;1;0;3;
120039305000006;8;1;56403;56253;150;31;13;13;8;5;1;1;0;0;58;
120039305000007;8;0;71370;71370;0;42;34;25;9;4;0;0;0;0;18;
120039305000008;5;0;47921;47921;0;9;16;15;12;2;0;0;0;0;10;
120039305000009;8;1;19918;19918;0;20;11;9;3;1;0;0;0;0;2;
120039305000010;8;0;70300;70300;0;28;20;11;9;4;0;0;1;0;4;
120039305000012;8;1;90487;89836;651;33;33;15;21;9;1;1;0;0;36;
120040105000001;1;1;747781;746681;1100;3;14;55;107;84;31;24;13;2;6;
120040105000002;1;0;247625;247625;0;2;12;28;26;22;9;5;7;2;5;
120040105000003;1;3;218803;213303;5500;0;3;14;22;25;8;6;3;1;1;
120040105000004;1;0;234835;234835;0;0;2;4;14;8;5;5;4;3;3;
120040105000005;1;2;754797;752777;2020;3;6;28;75;86;24;32;11;2;2;
120040105000006;1;0;433471;433471;0;0;10;40;87;46;23;13;4;1;35;
120040105000007;1;0;512783;512783;0;4;27;64;91;69;16;13;2;0;30;
120040105000008;1;1;423204;422694;510;9;27;98;87;60;16;6;4;0;54;
120040105000009;1;0;201086;201086;0;6;32;67;57;23;3;4;0;0;46;
120040105000010;1;0;127510;127510;0;10;21;33;20;4;3;1;2;0;29;
120040105000011;1;0;505739;505739;0;4;5;23;36;42;21;16;13;2;3;
120040105000012;1;2;784091;780081;4010;1;9;12;40;42;27;29;24;7;16;
120040105000013;1;0;456335;456335;0;5;41;108;111;47;13;8;3;1;38;
120040105000014;1;2;315841;314830;1011;7;20;51;63;35;15;4;2;0;8;
120040105000015;1;0;376183;376183;0;16;61;119;116;35;3;4;2;0;17;
120040105000016;1;0;699984;699984;0;2;16;47;67;66;22;19;8;4;38;
120040105000017;1;0;651786;651786;0;4;15;60;122;78;33;22;7;2;5;
120040105000018;1;2;557018;555408;1610;14;45;88;115;73;19;12;6;2;43;
120040105000019;1;0;212434;212434;0;2;22;44;64;22;8;3;0;0;35;
120040105000020;1;0;380383;380383;0;11;19;45;65;55;4;8;3;0;13;
120040105000021;1;0;200278;200278;0;26;35;55;66;18;4;3;0;0;11;
120040105000022;1;0;768491;768491;0;10;23;85;84;69;26;19;9;5;4;
120040105000023;1;0;650755;650755;0;3;10;26;47;42;28;16;15;5;4;
120040105000024;1;0;674399;674399;0;0;0;5;27;32;27;28;17;6;1;
120040105000025;1;4;1105890;1097580;8310;0;6;10;43;61;42;49;29;9;0;
120040105000026;1;0;1323975;1323975;0;1;3;17;39;57;30;45;44;22;8;
120040105000027;1;0;1677555;1677555;0;0;3;13;50;76;61;61;42;18;4;
120040105000028;1;0;1370491;1370491;0;3;15;37;70;86;57;46;24;10;6;
120040105000029;1;0;2026178;2026178;0;19;60;169;212;102;39;24;22;41;12;
120040105000030;1;3;589915;588855;1060;5;32;88;110;59;13;9;11;4;9;
120040105000031;1;0;467133;467133;0;5;24;84;115;55;18;7;2;2;11;
120040105000032;1;0;400682;400682;0;8;16;57;93;48;12;10;1;2;0;
120040105000033;1;0;223818;223818;0;7;19;34;48;24;4;2;1;1;1;
120040105000034;1;0;346356;346356;0;6;30;79;99;51;4;4;1;0;18;
120040105000035;1;0;1534585;1534585;0;3;8;22;37;38;42;51;33;16;7;
120040105000036;1;0;1569928;1569928;0;0;2;13;30;82;50;66;53;9;4;
120040105000037;1;0;1387175;1387175;0;0;3;4;30;59;37;63;41;8;1;
120040105000038;1;0;675335;675335;0;5;17;55;95;70;28;29;9;2;18;
120040105000039;1;0;1000694;1000694;0;0;1;12;46;87;25;35;17;7;1;
120040105000040;1;0;2209794;2209794;0;2;1;16;39;70;37;62;59;45;4;
120040105000041;1;1;1102505;1098805;3700;1;3;14;44;70;44;44;27;7;2;
120040105000042;1;0;903782;903782;0;0;6;16;47;76;31;33;25;11;39;
120040105000043;1;0;1459979;1459979;0;1;3;27;60;86;46;60;40;18;14;
120040105000044;1;2;1767174;1751864;15310;2;3;15;50;70;55;68;58;31;3;
120040105000045;1;1;1850442;1849242;1200;0;6;18;74;89;72;79;54;16;6;
120040105000046;1;1;910703;910103;600;0;2;16;51;59;42;31;24;5;7;
120040105000047;1;1;1350976;1347976;3000;1;3;27;48;86;42;57;40;14;21;
120040105000048;1;0;2341024;2341024;0;0;1;20;44;60;44;55;60;39;9;
120040105000049;1;0;570344;570344;0;3;16;62;73;81;25;9;5;1;15;
120040105000050;1;0;493654;493654;0;6;21;62;98;65;10;6;7;0;5;
120040105000051;1;0;267196;267196;0;9;28;52;60;30;7;4;1;0;26;
120040105000052;1;0;963107;963107;0;4;11;24;59;50;23;31;25;10;24;
120040105000053;1;0;1302139;1302139;0;1;9;24;59;35;24;40;31;19;11;
120040105000054;1;0;900293;900293;0;2;8;70;110;92;31;21;15;6;11;
120040105000055;1;0;552969;552969;0;9;28;79;112;64;18;15;1;2;5;
120040105000056;1;0;316304;316304;0;4;49;84;87;45;6;4;0;0;7;
120040105000057;1;0;237214;237214;0;17;37;85;66;32;8;2;0;0;24;
120040105000058;1;0;288390;288390;0;6;27;97;95;28;4;1;0;1;13;
120040105000059;1;2;224120;222820;1300;9;26;79;69;32;1;3;0;0;11;
120040105000060;1;0;445707;445707;0;3;30;62;90;64;20;7;5;0;11;
120040105000061;1;0;398622;398622;0;1;11;40;65;51;15;10;3;0;13;
120040105000062;1;0;526659;526659;0;1;19;58;103;79;21;11;8;0;7;
120040105000063;1;0;401269;401269;0;3;12;41;81;59;12;11;1;0;5;
120040105000064;1;20;500681;487547;13134;13;31;94;138;66;13;6;2;0;16;
120040105000065;1;2;355164;353164;2000;10;30;55;94;48;10;7;1;2;19;
120040105000066;1;0;282569;282569;0;7;12;44;65;47;13;1;1;1;19;
120040105000067;1;0;385166;385166;0;0;16;65;96;56;14;4;0;0;3;
120040105000068;1;0;495833;495833;0;7;22;73;108;62;14;15;1;0;16;
120040105000069;1;0;309629;309629;0;5;15;50;70;49;10;6;0;0;24;
120040105000070;1;0;469229;469229;0;0;25;36;67;34;6;4;0;1;11;
120040105000071;1;0;202353;202353;0;1;2;13;32;35;9;1;3;0;4;
120040105000072;1;0;361364;361364;0;4;19;65;97;51;12;0;4;0;15;
120040105000073;1;0;910466;910466;0;1;9;23;41;56;27;30;19;6;2;
120040105000074;1;0;1391109;1391109;0;0;3;18;46;80;50;59;34;4;3;
120040105000075;1;0;1012732;1012732;0;0;10;56;94;86;43;33;20;1;8;
120040105000076;1;0;1509140;1509140;0;3;12;36;60;90;25;35;8;14;8;
120040105000077;1;0;929890;929890;0;1;7;23;59;89;30;28;11;4;8;
120040105000078;1;0;1198178;1198178;0;5;5;24;56;54;22;46;36;20;9;
120040105000079;1;0;761292;761292;0;0;3;15;35;41;17;33;17;7;3;
120040105000080;1;0;1712988;1712988;0;1;2;16;41;63;47;49;46;19;15;
120040105000081;1;0;1350818;1350818;0;1;6;22;44;63;28;44;44;16;5;
120040105000082;1;0;1614868;1614868;0;0;2;14;32;64;49;76;44;16;1;
120040105000083;1;0;1384242;1384242;0;0;1;11;43;59;51;44;33;15;13;
120040105000084;1;0;1717703;1717703;0;1;7;23;50;63;28;37;28;12;3;
120040105000085;1;1;1488782;1488272;510;4;23;85;110;85;31;37;36;16;2;
120040105000086;1;0;2328506;2328506;0;0;0;11;31;66;58;77;78;20;1;
120040105000087;1;9;304785;292445;12340;15;44;87;71;37;9;2;1;0;48;
120040105000088;1;0;249334;249334;0;11;41;81;72;24;4;3;1;0;20;
120040105000089;1;0;460447;460447;0;9;22;105;151;65;14;3;1;0;9;
120040105000090;1;0;307512;307512;0;12;28;73;82;43;9;4;1;0;7;
120040105000091;1;0;261847;261847;0;3;31;62;77;38;7;2;1;0;14;
120040105000092;1;3;165747;163227;2520;10;29;70;52;13;1;0;0;0;20;
120040105000093;1;0;374456;374456;0;4;15;44;69;54;14;9;3;0;12;
120040105000094;1;3;295992;293662;2330;0;7;41;67;43;12;4;3;0;6;
120040105000095;1;1;438133;437833;300;3;20;56;105;57;15;2;4;0;11;
120040105000096;1;3;522475;520945;1530;7;24;85;114;75;15;5;1;0;5;
120040105000097;1;1;432444;431424;1020;3;23;59;104;50;18;6;2;0;7;
120040105000098;1;0;422508;422508;0;1;15;72;116;58;10;2;1;0;12;
120040105000099;1;0;408727;408727;0;3;27;78;86;35;7;2;1;0;4;
120040105000100;1;0;506090;506090;0;0;18;48;104;68;14;11;3;1;1;
120040105000101;1;0;1047157;1047157;0;4;15;75;113;98;48;29;23;7;11;
120040105000102;1;0;795924;795924;0;2;11;48;98;97;25;23;10;1;3;
120040105000103;1;0;550733;550733;0;1;16;51;102;76;34;9;2;0;6;
120040105000104;1;1;440538;439538;1000;4;20;62;80;46;15;12;2;1;8;
120040105000105;1;0;789493;789493;0;0;13;46;95;93;51;28;6;1;3;
120040105000106;1;0;1062190;1062190;0;3;9;30;50;70;46;35;23;8;19;
120040105000107;1;0;662467;662467;0;2;11;38;91;72;37;26;6;1;3;
120040105000108;1;0;268495;268495;0;3;13;31;42;40;15;3;1;0;3;
120040105000109;1;1;248293;247343;950;1;4;32;35;25;9;7;1;0;6;
120040105000110;1;0;1447506;1447506;0;1;2;21;29;43;41;52;41;17;7;
120040105000111;1;0;2093721;2093721;0;0;3;16;41;53;32;52;53;36;1;
120040105000112;1;1;1694395;1694395;0;2;20;55;77;86;38;37;33;25;15;
120040105000113;1;0;1271406;1271406;0;5;38;86;170;98;40;25;8;10;17;
120040105000114;1;0;800350;800350;0;0;3;20;47;76;34;54;13;4;3;
120040105000115;1;0;403670;403670;0;4;19;73;100;57;13;10;5;1;0;
120040105000116;1;0;726496;726496;0;0;20;52;81;46;14;13;12;9;7;
120040105000117;2;0;266885;266885;0;7;33;65;77;33;5;3;3;0;4;
120040105000118;1;0;475423;475423;0;14;43;101;157;54;11;6;2;0;8;
120040105000119;1;0;413289;413289;0;21;49;132;125;35;5;3;2;0;10;
120040105000120;1;0;305359;305359;0;31;108;138;107;18;4;3;0;0;140;
120040105000121;1;0;415790;415790;0;10;36;114;103;51;3;6;3;0;26;
120040105000122;1;0;382537;382537;0;8;32;85;91;34;5;7;3;1;32;
120040105000123;1;1;488207;487757;450;8;34;106;119;64;7;7;2;0;12;
120040105000124;1;0;334712;334712;0;8;58;105;124;30;3;0;0;0;12;
120040105000125;1;0;339817;339817;0;29;59;128;86;26;7;2;1;0;40;
120040105000126;1;3;519411;516861;2550;10;26;85;128;74;21;3;1;0;9;
120040105000127;1;0;283756;283756;0;6;10;59;74;42;11;2;0;0;5;
120040105000128;1;0;457696;457696;0;8;45;104;117;39;9;4;5;1;7;
120040105000129;1;0;706888;706888;0;16;77;194;202;77;20;6;2;0;26;
120040105000130;1;0;653741;653741;0;7;39;102;133;63;9;4;3;6;5;
120040105000131;1;0;304010;304010;0;8;23;86;78;43;5;3;2;0;4;
120040105000132;1;0;404997;404997;0;11;31;93;88;45;9;5;1;2;13;
120040105000133;1;0;473327;473327;0;4;60;105;137;57;16;6;0;0;23;
120040105000134;1;0;677073;677073;0;6;34;100;132;70;24;14;8;3;17;
120040105000135;1;1;547138;544138;3000;8;34;78;121;77;9;9;5;1;11;
120040105000136;1;2;892049;889311;2738;2;15;69;114;137;47;21;5;3;14;
120040105000137;1;0;669210;669210;0;5;26;60;95;81;23;13;8;1;9;
120040105000138;1;1;803844;802824;1020;3;16;55;66;74;25;18;4;4;6;
120040105000139;1;0;951105;951105;0;3;28;96;126;100;26;32;15;3;1;
120040105000140;1;0;2841552;2841552;0;4;24;77;88;81;45;74;80;50;18;
120040105000141;1;0;494482;494482;0;2;12;61;80;62;27;8;3;2;6;
120040105000142;1;1;851798;849708;2090;9;25;76;145;118;28;22;3;4;8;
120040105000143;1;0;451003;451003;0;13;47;87;95;38;8;3;3;3;88;
120040105000144;1;0;463790;463790;0;5;25;77;96;60;11;14;4;0;6;
120040105000145;1;0;1132448;1132448;0;0;10;16;67;109;56;47;12;1;5;
120040105000146;1;1;703373;702333;1040;0;3;43;84;81;29;23;6;1;9;
120040105000147;1;0;1030401;1030401;0;1;18;30;67;80;53;30;12;1;8;
120040105000148;1;2;1159173;1158123;1050;0;6;16;46;89;51;47;20;5;4;
120040105000149;1;0;1190999;1190999;0;0;1;11;48;91;60;51;23;6;3;
120040105000150;1;1;620289;619389;900;5;21;68;113;63;22;17;8;5;4;
120040105000151;1;1;1064766;1064256;510;0;0;10;40;92;55;37;23;7;5;
120040105000152;1;0;884296;884296;0;0;4;10;33;64;43;24;14;6;5;
120040105000153;1;0;1438493;1438493;0;0;2;16;46;110;58;60;27;6;10;
120040105000154;1;1;921085;920045;1040;0;5;11;51;79;41;40;15;4;12;
120040105000155;1;0;1304395;1304395;0;0;0;21;51;73;62;51;19;7;1;
120040105000156;1;0;556095;556095;0;1;10;43;87;72;27;10;6;1;8;
120040105000157;1;0;293425;293425;0;6;35;60;60;43;10;6;0;0;5;
120040105000158;1;0;1444295;1444295;0;0;1;7;31;49;38;41;46;18;8;
120040105000159;1;0;796335;796335;0;0;4;27;66;66;32;25;16;3;4;
120040105000160;1;1;880775;880265;510;1;8;43;85;102;44;35;3;4;8;
120040105000161;1;0;796722;796722;0;2;6;18;43;82;40;49;23;8;12;
120040105000162;1;0;609620;609620;0;6;14;40;79;78;27;29;14;6;10;
120040105000163;1;0;440219;440219;0;0;0;1;14;34;27;17;10;1;0;
120040105000164;1;5;884441;879899;4542;0;6;12;51;80;44;43;25;8;4;
120040105000165;1;0;675773;675773;0;1;8;35;52;82;32;36;21;1;8;
120040105000166;1;0;616275;616275;0;1;17;63;89;76;23;21;4;1;9;
120040105000167;1;0;950919;950919;0;4;19;55;82;90;39;19;25;4;3;
120040105000168;1;0;2335384;2335384;0;0;0;6;10;43;35;55;91;31;7;
120040105000169;1;0;1495584;1495584;0;3;7;44;111;151;70;56;25;10;4;
120040105000170;1;0;673398;673398;0;3;27;59;125;83;30;18;7;0;7;
120040105000171;1;2;552343;550333;2010;6;30;87;130;64;22;10;3;1;9;
120040105000172;1;2;539446;538016;1430;1;20;79;83;89;27;10;5;1;6;
120040105000173;1;0;447150;447150;0;6;28;84;104;54;16;16;1;0;5;
120040105000174;1;0;667912;667912;0;1;11;43;84;96;42;15;5;0;8;
120040105000175;1;0;462033;462033;0;3;18;48;87;55;14;17;7;0;9;
120040105000176;1;1;371444;365934;5510;9;31;72;84;44;11;9;0;0;40;
120040105000177;1;0;524470;524470;0;3;25;57;74;41;33;12;8;3;5;
120040105000178;1;0;577008;577008;0;1;13;47;68;56;26;28;12;1;1;
120040105000179;1;0;222289;222289;0;4;11;42;54;18;6;10;2;0;10;
120040105000180;1;0;483504;483504;0;6;62;134;136;42;11;5;0;0;10;
120040105000181;1;0;1229944;1229944;0;1;16;59;85;72;40;27;24;6;13;
120040105000182;1;0;630461;630461;0;4;22;49;91;86;29;19;9;1;11;
120040105000183;1;1;774284;773774;510;1;14;62;78;76;31;26;15;1;14;
120040105000184;1;2;417712;416352;1360;7;43;81;91;47;14;7;3;0;40;
120040105000185;1;2;318315;317715;600;9;27;75;71;39;9;6;0;0;15;
120040105000186;1;1;378618;378618;0;12;30;67;84;46;10;6;3;1;13;
120040105000187;1;0;414828;414828;0;4;39;72;100;62;10;4;2;0;30;
120040105000188;1;0;272453;272453;0;14;50;89;62;30;4;4;1;1;63;
120040105000189;1;0;276136;276136;0;19;42;71;73;29;9;5;3;0;14;
120040105000190;1;0;419755;419755;0;14;33;114;118;46;13;2;1;0;6;
120040105000191;1;0;961647;961647;0;28;83;209;219;75;23;17;8;3;26;
120040105000192;1;1;402644;402644;0;9;37;96;105;53;7;5;1;0;13;
120040105000193;1;0;606071;606071;0;1;21;69;119;71;21;13;2;1;3;
120040105000194;1;0;641954;641954;0;2;6;35;91;95;35;18;5;0;2;
120040105000195;1;0;1008906;1008906;0;2;2;28;46;92;47;50;8;2;34;
120040105000196;1;0;494498;494498;0;1;4;24;50;59;22;15;5;0;23;
120040105000197;1;0;1242638;1242638;0;4;18;47;118;128;50;42;27;8;5;
120040105000198;1;0;521719;521719;0;12;43;114;135;82;14;6;5;0;15;
120040105000199;1;0;1101339;1101339;0;3;5;22;60;88;41;43;19;4;1;
120040105000200;1;0;558327;558327;0;2;5;28;72;83;44;27;8;1;5;
120040105000201;1;1;897720;896720;1000;5;21;77;142;105;46;22;8;2;4;
120040105000202;1;0;403700;403700;0;2;13;55;64;47;15;15;3;1;8;
120040105000203;1;0;898592;898592;0;6;20;83;141;119;34;12;8;3;5;
120040105000204;1;0;393037;393037;0;4;29;75;98;51;5;9;1;2;1;
120040105000205;1;4;933066;931162;1904;8;30;101;151;104;35;26;13;2;17;
120040105000206;1;0;670716;670716;0;12;23;56;81;53;26;27;15;2;42;
120040105000207;1;0;251723;251723;0;3;25;64;58;38;5;2;1;0;4;
120040105000208;1;0;230617;230617;0;13;28;72;53;32;7;1;1;0;12;
120040105000209;1;0;240284;240284;0;16;41;74;78;31;5;3;0;0;7;
120040105000210;1;1;269364;267954;1410;2;28;82;85;35;9;1;0;0;14;
120040105000211;1;0;366854;366854;0;15;50;103;105;36;10;5;2;0;8;
120040105000212;1;0;283460;283460;0;15;60;107;88;18;2;2;0;0;20;
120040105000213;1;0;328694;328694;0;6;37;74;115;35;6;6;0;0;9;
120040105000214;1;0;424446;424446;0;4;25;79;128;58;9;5;1;0;4;
120040105000215;1;0;656116;656116;0;6;30;96;112;88;33;12;8;0;2;
120040105000216;1;0;583546;583546;0;9;55;126;149;64;13;7;5;0;13;
120040105000217;1;1;419768;419268;500;15;37;98;114;54;6;6;2;0;8;
120040105000218;1;1;181706;180546;1160;9;20;68;50;24;5;0;1;0;3;
120040105000219;1;0;283014;283014;0;4;16;55;65;35;15;1;2;0;5;
120040105000220;1;0;390334;390334;0;0;15;61;110;51;11;5;1;0;5;
120040105000221;1;1;260983;260783;200;7;40;53;74;24;7;4;2;0;3;
120040105000222;1;0;462192;462192;0;22;35;81;117;55;12;10;1;0;19;
120040105000223;1;0;544107;544107;0;1;19;58;107;91;17;7;4;1;8;
120040105000224;1;0;538974;538974;0;1;8;37;81;93;19;12;5;0;5;
120040105000225;1;1;576825;573825;3000;3;8;50;99;79;21;11;5;0;6;
120040105000226;1;0;1646183;1646183;0;1;1;14;20;42;36;48;55;18;9;
120040105000227;1;0;255759;255759;0;13;28;71;83;29;4;3;2;0;18;
120040105000228;1;0;690986;690986;0;1;11;17;31;51;49;41;22;2;1;
120040105000229;1;3;147612;146592;1020;13;17;50;33;10;3;2;3;1;6;
120040105000230;1;0;535624;535624;0;0;15;77;107;70;13;14;6;0;4;
120040105000231;1;0;164696;164696;0;1;4;26;49;29;2;3;0;0;3;
120040105000232;1;1;694618;694418;200;9;38;100;136;95;23;11;5;0;4;
120040105000233;1;0;1219349;1219349;0;3;9;21;54;46;37;38;25;15;1;
120040105000234;1;1;853390;853040;350;1;8;57;98;123;42;36;9;0;5;
120040105000235;1;0;222924;222924;0;5;25;56;65;28;1;5;1;0;7;
120040105000236;1;0;295547;295547;0;6;29;74;84;38;5;3;0;0;25;
120040105000237;1;0;453522;453522;0;1;1;16;41;79;21;18;6;0;17;
120040105000238;1;0;340895;340895;0;11;34;85;79;49;13;3;3;0;21;
120040105000239;1;0;488945;488945;0;5;32;106;106;59;9;7;4;1;6;
120040105000240;1;0;248657;248657;0;8;30;66;64;26;2;3;2;0;10;
120040105000241;1;3;580202;578142;2060;1;10;39;85;75;32;25;4;0;9;
120040105000242;1;0;458537;458537;0;1;5;22;45;38;16;9;5;2;28;
120040105000243;2;0;622485;622485;0;8;25;79;151;82;10;8;6;1;15;
120040105000244;2;6;902215;895640;6575;25;63;186;236;117;20;17;3;1;41;
120040105000245;1;7;802696;795026;7670;6;36;126;166;83;24;16;9;1;5;
120040105000246;1;1;719008;719008;0;1;12;23;70;76;37;29;10;0;19;
120040105000247;2;0;331293;331293;0;4;31;70;77;38;6;5;2;0;11;
120040105000248;2;0;640977;640977;0;4;21;57;85;77;25;16;7;1;6;
120040105000249;5;0;179007;179007;0;4;13;45;54;24;6;2;1;0;9;
120040105000250;8;0;221276;221276;0;6;26;48;41;15;1;3;0;4;9;
120040105000251;8;0;166505;166505;0;10;29;52;67;18;4;2;0;0;10;
120040105000252;8;0;226334;226334;0;2;11;41;53;30;6;3;3;0;3;
120040105000253;8;0;181672;181672;0;2;36;65;73;9;1;0;0;1;20;
120040105000254;8;0;20580;20580;0;1;3;5;11;4;0;0;0;0;20;
120040105000255;8;1;192325;191575;750;13;26;60;58;20;1;3;1;0;10;
120040105000256;5;0;332014;332014;0;6;53;114;96;30;8;2;0;0;38;
120040105000257;5;0;178878;178878;0;4;23;67;65;24;2;1;0;0;25;
120040105000258;8;5;585994;582039;3955;16;55;105;131;67;13;19;6;2;10;
120040105000259;8;0;617639;617639;0;21;73;134;148;62;10;6;2;3;26;
120040105000260;8;0;101130;101130;0;3;26;47;46;5;0;0;0;0;18;
120040105000261;8;1;442763;442763;0;18;63;131;111;29;18;8;0;0;37;
120040105000262;8;0;132478;132478;0;7;16;42;39;20;0;2;0;0;13;
120040105000263;8;0;199888;199888;0;35;71;90;57;15;1;2;0;0;47;
120040105000264;8;0;15420;15420;0;6;20;5;1;0;0;0;0;0;10;
120040105000265;8;0;6980;6980;0;2;2;2;3;1;0;0;0;0;6;
120040105000266;8;0;59963;59963;0;12;15;20;20;5;0;0;0;0;12;
120040105000267;8;2;47330;45330;2000;0;1;3;25;1;0;0;0;0;0;
120040105000268;8;0;83380;83380;0;6;17;16;34;13;0;0;0;0;13;
120040105000269;8;0;98429;98429;0;14;17;23;33;12;1;1;1;0;97;
120040105000270;8;1;153129;152619;510;6;30;49;44;17;2;1;1;1;5;
120040105000271;8;2;115681;114981;700;10;13;23;25;8;3;0;0;1;5;
120040105000272;8;1;113786;112256;1530;11;30;53;36;9;0;2;1;0;51;
120040105000273;8;0;232197;232197;0;8;18;50;62;28;9;5;0;2;3;
120040105000274;8;0;5546;5546;0;7;4;3;2;0;0;0;0;0;22;
120040105000275;1;0;435751;435751;0;1;14;41;109;88;19;4;1;0;7;
120040105000276;1;2;255154;253624;1530;8;38;88;76;27;7;2;2;0;3;
120040105000277;1;2;488181;485281;2900;2;20;36;66;61;24;11;10;1;3;
120040105000278;1;0;358190;358190;0;7;28;86;119;48;11;3;0;0;5;
120040105000279;1;2;496180;494020;2160;2;10;46;72;46;13;14;7;3;8;
120040105000280;1;0;157149;157149;0;6;29;53;57;10;2;1;0;0;16;
120040105000281;1;0;265352;265352;0;0;15;44;49;39;8;7;0;0;11;
120040105000282;1;0;307652;307652;0;6;31;68;67;34;9;5;5;0;3;
120040105000283;1;1;363473;362607;866;4;19;62;79;54;19;2;3;0;12;
120040105000284;1;0;462810;462810;0;12;36;89;137;69;7;8;0;0;10;
120040105000285;1;1;354823;354313;510;5;55;119;113;33;5;3;0;0;23;
120040105000286;1;0;531620;531620;0;15;49;127;115;63;9;13;2;0;18;
120040105000287;1;0;478730;478730;0;4;24;67;103;66;21;2;2;3;4;
120040105000288;1;0;364551;364551;0;2;12;37;63;37;14;11;2;1;5;
120040105000289;1;1;471777;471477;300;8;43;96;119;66;12;6;2;0;7;
120040105000290;1;0;1713233;1713233;0;2;5;17;47;31;38;21;33;25;2;
120040105000291;1;0;271526;271526;0;5;18;65;73;31;11;5;0;0;7;
120040105000292;1;0;302914;302914;0;14;41;75;89;34;5;6;0;0;1;
120040105000293;1;0;659509;659509;0;2;24;68;116;88;22;17;3;1;5;
120040105000294;1;0;425622;425622;0;9;49;85;125;49;13;6;2;0;6;
120040105000295;1;0;464817;464817;0;12;60;105;124;51;10;6;0;1;44;
120040105000296;1;0;504584;504584;0;8;22;50;104;80;13;11;7;0;6;
120040105000297;1;0;534556;534556;0;3;29;72;86;53;17;11;7;1;4;
120040105000298;1;0;192241;192241;0;8;23;62;53;23;4;1;0;0;7;
120040105000299;1;2;109985;107194;2791;3;10;32;29;7;1;2;1;0;4;
120040105000300;1;0;911145;911145;0;3;22;53;97;74;24;22;7;2;0;
120040105000301;1;1;416649;415849;800;18;53;116;104;45;11;6;3;1;7;
120040105000302;1;0;248696;248696;0;6;27;69;90;18;3;3;1;0;9;
120040105000303;1;0;347455;347455;0;16;31;112;99;53;5;2;1;0;7;
120040105000304;1;0;219939;219939;0;21;66;91;52;13;5;1;1;1;48;
120040105000305;1;0;875929;875929;0;0;1;3;21;65;48;63;29;8;6;
120040105000306;1;1;459842;458312;1530;7;33;89;132;48;10;5;1;1;14;
120040105000307;1;2;442473;440553;1920;19;57;150;147;38;5;1;1;0;33;
120040105000308;1;0;205373;205373;0;8;20;49;60;29;2;1;0;1;3;
120040105000309;1;2;491879;489590;2289;10;23;63;93;51;13;13;6;0;6;
120040105000310;1;0;381261;381261;0;3;27;65;86;56;8;5;2;1;14;
120040105000311;1;2;392788;388788;4000;6;37;94;113;57;10;3;3;0;27;
120040105000312;1;0;845061;845061;0;16;44;93;150;105;32;15;10;1;16;
120040105000313;1;1;763449;762849;600;5;27;105;190;83;14;11;4;2;5;
120040105000314;2;0;705342;705342;0;1;7;33;82;68;35;31;11;6;6;
120040105000315;1;0;743761;743761;0;11;37;107;138;99;18;17;6;3;18;
120040105000316;1;0;795175;795175;0;3;26;84;132;99;27;29;5;2;2;
120040105000317;1;0;317767;317767;0;9;102;154;93;16;3;2;0;0;92;
120040105000318;1;0;358928;358928;0;9;46;82;78;28;8;5;5;3;18;
120040105000319;5;2;80359;80159;200;6;8;28;22;15;0;0;0;0;17;
120040105000320;8;"X";"X";"X";"X";"X";"X";"X";"X";"X";"X";"X";"X";"X";"X";
120040105000321;8;0;4844;4844;0;3;0;3;0;0;0;0;0;0;10;
120040105000322;8;"X";"X";"X";"X";"X";"X";"X";"X";"X";"X";"X";"X";"X";"X";
120040105000323;8;0;100823;100823;0;16;21;19;49;9;0;1;0;0;22;
120040105000324;8;0;162783;162783;0;3;15;34;30;18;4;2;1;0;7;
120040105000325;8;0;656589;656589;0;27;81;130;113;55;15;8;6;2;12;
120040105000326;8;0;896843;896843;0;9;51;76;110;81;39;14;4;2;57;
120040105000327;8;0;383628;383628;0;8;45;103;96;46;9;2;2;0;14;
120040105000328;8;4;485165;483155;2010;26;72;113;101;37;11;5;3;1;36;
120040105000329;8;0;499085;499085;0;4;18;22;23;7;1;2;2;1;19;
120040105000330;8;0;6380;6380;0;2;3;1;0;3;0;0;0;0;10;
120040105000331;5;0;57196;57196;0;6;16;26;15;1;1;1;0;0;0;
120040105000332;5;3;71514;69794;1720;1;12;28;26;7;0;0;0;0;2;
120040105000333;1;0;64391;64391;0;1;13;26;15;9;0;0;0;1;0;
120040105000335;4;0;31130;31130;0;0;2;2;2;7;1;1;0;0;2;
120040105000336;1;0;137573;137573;0;0;0;3;10;16;11;3;4;1;0;
120040105000337;1;0;40386;40386;0;7;18;24;11;2;0;0;0;0;1;
120040105000338;1;0;161427;161427;0;8;18;37;32;12;0;0;2;2;2;
120040105000341;1;0;1420885;1420885;0;1;2;6;14;32;21;43;55;35;2;
120042705000001;1;4;400131;397071;3060;22;28;50;91;48;10;5;1;1;6;
120042705000002;1;0;299866;299866;0;21;42;67;62;34;9;3;0;0;33;
120042705000003;1;0;441366;441366;0;108;91;105;91;47;8;6;4;0;34;
120042705000004;8;2;24146;23312;834;38;10;9;8;1;0;0;0;0;38;
120042705000005;8;1;30985;30885;100;41;20;13;5;0;0;0;0;0;4;
120042705000006;8;1;762;112;650;1;0;0;0;1;0;0;0;0;20;
120042705000007;8;2;137844;136774;1070;110;63;44;39;7;2;2;0;0;38;
120042705000008;8;0;72689;72689;0;16;22;26;19;6;1;1;0;0;3;
120042705000009;8;0;28282;28282;0;22;11;15;6;0;1;0;0;0;4;
120042705000010;8;0;42918;42918;0;13;9;18;8;8;1;0;0;0;6;
120042705000011;8;0;46842;46842;0;33;14;19;11;5;0;0;0;0;21;
120042705000012;8;1;227166;227016;150;54;67;59;57;16;3;3;1;0;14;
120042705000013;5;0;100386;100386;0;18;24;29;23;7;2;1;1;0;11;
120042705000014;8;0;131356;131356;0;55;73;41;33;4;1;0;0;0;2;
120042705000015;8;2;210369;208119;2250;102;77;69;54;18;2;0;0;0;30;
120042705000016;8;0;99449;99449;0;47;47;32;18;8;0;0;0;0;3;
120042705000017;8;2;41435;40235;1200;17;12;13;12;1;1;1;0;0;99;
120042705000018;8;1;5453;4883;570;11;2;3;2;0;0;0;0;0;7;
120043505000001;1;0;410033;410033;0;14;21;51;86;32;14;14;4;2;11;
120043505000002;8;0;36903;36903;0;4;14;15;8;3;0;0;0;0;11;
120043505000003;8;"X";"X";"X";"X";"X";"X";"X";"X";"X";"X";"X";"X";"X";"X";
120043505000004;8;0;25451;25451;0;26;18;8;4;0;0;0;0;0;41;
120043505000007;8;0;15290;15290;0;19;7;4;1;0;0;0;0;0;27;
120043505000008;1;3;302622;300522;2100;17;30;31;38;21;6;15;2;0;11;
120043505000009;8;0;30936;30936;0;31;22;6;2;0;0;0;0;0;112;
120043505000010;8;"X";"X";"X";"X";"X";"X";"X";"X";"X";"X";"X";"X";"X";"X";
120045005000001;1;0;440368;440368;0;5;14;50;70;60;15;9;7;0;5;
120045005000002;1;5;744836;737566;7270;15;16;84;116;83;26;18;8;3;10;
120045005000003;1;1;297334;294834;2500;8;32;62;93;36;2;7;0;0;4;
120045005000004;1;0;305352;305352;0;15;17;79;82;50;2;3;2;0;9;
120045005000005;1;0;216998;216998;0;10;26;58;72;27;4;1;0;0;3;
120045005000006;1;0;551342;551342;0;4;26;77;95;70;23;14;3;0;4;
120045005000007;1;0;786439;786439;0;11;27;92;134;115;29;17;5;2;16;
120045005000008;1;0;240213;240213;0;29;49;82;83;21;1;1;2;0;15;
120045005000009;1;0;886312;886312;0;5;14;52;99;95;29;25;12;9;14;
120045005000010;8;0;259413;259413;0;18;26;68;65;31;9;4;1;0;6;
120045005000011;8;0;97378;97378;0;0;9;14;18;13;3;2;1;1;2;
120045005000012;8;0;51211;51211;0;2;8;14;25;4;1;1;0;0;1;
120045005000013;8;0;76703;76703;0;1;13;25;23;7;0;0;0;1;0;
120045005000014;8;1;214967;214345;622;13;47;61;41;20;5;0;0;1;1;
120045005000015;8;1;155460;154550;910;4;10;38;58;11;6;2;2;0;1;
120045005000016;8;0;28656;28656;0;6;7;10;13;4;1;0;0;0;61;
120045005000017;8;0;84287;84287;0;11;16;11;19;5;1;0;3;0;42;
120045005000018;8;0;138681;138681;0;3;13;29;33;15;2;3;0;2;5;
120045005000019;8;1;107114;106604;510;19;23;39;44;11;1;0;0;0;26;
120045005000020;8;6;265973;259775;6198;35;41;70;65;28;4;1;1;1;20;
120045005000021;8;2;239217;237067;2150;19;45;53;49;22;5;6;1;1;16;
120045005000022;1;0;139174;139174;0;17;29;55;47;12;1;1;0;0;15;
120045005000023;1;0;360820;360820;0;14;38;53;72;39;9;2;3;2;8;
120045005000024;1;0;187557;187557;0;27;32;71;63;24;1;3;1;0;23;
120045005000025;8;7;167772;161274;6498;10;40;66;42;20;3;0;0;0;11;
120045005000026;5;0;55306;55306;0;6;12;17;18;8;0;0;0;0;3;
120045005000027;5;0;29413;29413;0;0;4;7;7;3;0;1;0;0;1;
120045005000028;8;0;4270;4270;0;0;2;4;2;0;0;0;0;0;1;
120045005000029;1;0;255861;255861;0;24;50;68;65;20;3;2;0;2;5;
120045005000030;2;0;6369;6369;0;0;1;2;0;2;0;0;0;0;0;
120045005000031;2;"X";"X";"X";"X";"X";"X";"X";"X";"X";"X";"X";"X";"X";"X";
120045005000032;2;"X";"X";"X";"X";"X";"X";"X";"X";"X";"X";"X";"X";"X";"X";
120045005000033;2;0;26941;26941;0;0;0;2;9;0;0;0;2;0;0;
120050005000001;1;11;1188649;1183467;5182;6;18;27;88;67;20;17;14;3;3;
120050005000002;1;3;406064;404616;1448;62;103;177;108;27;3;2;1;0;20;
120050005000003;1;0;920915;920915;0;12;21;75;144;128;29;23;10;0;3;
120050005000004;1;0;247238;247238;0;16;30;62;65;20;2;1;3;0;2;
120050005000005;1;0;212226;212226;0;14;29;74;62;13;2;2;1;0;3;
120050005000006;1;0;882374;882374;0;11;35;100;114;77;24;13;7;2;7;
120050005000007;1;1;299119;298099;1020;14;29;58;75;28;5;7;4;1;9;
120050005000008;1;0;419865;419865;0;4;18;40;63;55;13;10;4;2;3;
120050005000009;1;1;765619;765619;0;13;41;77;147;91;26;13;6;2;20;
120050005000010;1;0;622803;622803;0;7;42;79;101;75;13;19;9;1;8;
120050005000011;1;1;351694;351209;485;41;100;141;86;17;2;6;0;0;6;
120050005000012;2;0;274277;274277;0;23;41;90;76;29;4;4;2;0;54;
120050005000013;1;1;258612;258312;300;19;54;86;62;32;2;3;1;0;16;
120050005000014;1;0;387634;387634;0;14;58;94;92;45;8;7;1;1;11;
120050005000015;1;0;598693;598693;0;1;8;25;48;42;22;22;7;3;4;
120050005000016;8;1;82058;81358;700;40;38;35;21;3;1;0;0;0;92;
120050005000017;8;0;115382;115382;0;34;25;21;15;6;0;0;0;1;35;
120050005000018;8;1;70890;69870;1020;52;30;30;13;1;0;0;0;0;16;
120050005000019;8;0;31464;31464;0;8;12;16;2;3;0;0;0;0;0;
120050005000020;8;0;7434;7434;0;6;1;2;2;2;0;0;0;0;9;
120050005000021;8;0;38346;38346;0;31;25;15;8;0;0;0;0;0;38;
120050005000022;8;0;15780;15780;0;3;12;6;5;0;0;0;0;0;0;
120050005000023;8;0;7398;7398;0;4;2;5;1;1;0;0;0;0;2;
120050005000024;8;0;31297;31297;0;33;23;7;6;1;0;0;0;0;6;
120050005000025;8;0;91428;91428;0;48;52;40;27;5;0;0;0;0;53;
120050005000026;8;0;16885;16885;0;10;7;7;3;1;0;0;0;0;10;
120050005000027;8;0;34588;34588;0;26;8;11;11;1;0;0;0;0;6;
120050005000028;8;0;166413;166413;0;37;61;79;47;13;0;1;0;0;14;
120050005000029;8;0;153342;153342;0;43;73;84;40;7;1;0;0;0;26;
120050005000030;8;1;181220;180200;1020;14;58;77;39;13;5;1;0;0;10;
120050005000031;8;0;40206;40206;0;12;11;18;7;1;0;0;0;0;11;
120050005000032;8;2;49679;46829;2850;11;17;18;10;3;1;0;0;0;40;
120050005000033;8;0;6876;6876;0;7;0;4;4;0;0;0;0;0;17;
120050005000035;8;0;198208;198208;0;20;50;77;39;19;3;1;1;0;17;
120050005000036;8;0;190114;190114;0;23;34;46;42;12;4;2;3;0;7;
120050005000037;8;"X";"X";"X";"X";"X";"X";"X";"X";"X";"X";"X";"X";"X";"X";
120050005000038;1;0;253885;253885;0;18;32;68;60;15;2;1;1;1;24;
120050005000039;1;0;301039;301039;0;13;30;52;89;36;6;5;1;0;15;
120050005000040;1;0;960749;960749;0;34;83;175;177;106;31;20;8;3;13;
120050005000041;1;0;267152;267152;0;20;54;97;82;17;3;0;0;0;3;
120050005000042;8;6;46763;44403;2360;9;9;22;17;0;0;1;0;0;196;
120050005000043;8;0;2525;2525;0;5;1;0;1;0;0;0;0;0;2;
120050005000044;8;"X";"X";"X";"X";"X";"X";"X";"X";"X";"X";"X";"X";"X";"X";
120050005000045;8;0;79073;79073;0;21;41;28;22;3;0;0;0;0;85;
120050005000046;1;0;294097;294097;0;18;42;79;84;27;6;2;1;0;5;
120060905000001;1;0;765506;765506;0;11;46;134;160;62;7;8;6;2;5;
120060905000002;1;9;553329;545669;7660;51;89;129;97;40;10;8;3;4;10;
120060905000003;1;1;268388;267293;1095;75;83;107;67;10;2;0;0;0;36;
120060905000004;1;0;534000;534000;0;51;92;128;115;64;9;4;1;2;63;
120060905000005;1;1;763087;761587;1500;9;30;57;80;55;25;25;14;4;3;
120060905000006;2;0;426418;426418;0;17;87;130;96;36;6;4;1;0;7;
120060905000007;1;0;705694;705694;0;28;50;109;107;81;24;18;4;1;11;
120060905000008;1;0;367559;367559;0;24;37;63;63;17;4;5;4;2;7;
120060905000009;1;1;933861;929861;4000;8;26;51;99;49;32;22;24;7;14;
120060905000010;2;0;34521;34521;0;6;7;14;8;2;0;0;0;0;3;
120060905000011;8;0;188950;188950;0;102;88;71;43;8;0;1;0;0;25;
120060905000012;8;0;38821;38821;0;24;21;11;4;0;0;1;0;0;5;
120060905000013;8;0;19982;19982;0;19;10;11;4;1;0;0;0;0;86;
120060905000014;8;0;29757;29757;0;56;19;9;4;0;0;0;0;0;2;
120060905000015;8;1;69629;68554;1075;33;45;26;7;1;0;0;0;0;9;
120060905000016;8;0;39539;39539;0;21;19;15;4;1;0;0;0;0;12;
120060905000017;8;0;32040;32040;0;32;24;13;1;0;0;0;0;0;27;
120060905000018;8;0;127949;127949;0;106;51;38;25;6;1;1;1;0;10;
120060905000019;8;0;64996;64996;0;50;27;36;13;2;0;1;0;0;29;
120060905000020;8;0;29926;29926;0;11;16;14;1;0;0;0;0;0;15;
120060905000021;8;"X";"X";"X";"X";"X";"X";"X";"X";"X";"X";"X";"X";"X";"X";
120060905000022;8;0;58487;58487;0;21;39;21;13;1;0;0;0;0;4;
120060905000024;8;0;1530;1530;0;1;1;0;0;0;0;0;0;0;4;
120060905000025;8;0;8182;8182;0;1;5;3;1;0;0;0;0;0;4;
120060905000026;8;0;13479;13479;0;5;7;5;0;1;0;0;0;0;2;
120060905000027;8;0;40865;40865;0;45;16;18;10;2;0;0;0;0;52;
120060905000030;8;0;27165;27165;0;3;2;8;6;1;0;1;0;0;19;
120060905000031;5;2;213930;212895;1035;28;34;59;45;19;6;2;0;1;7;
120060905000032;8;4;48945;43275;5670;48;15;31;7;3;0;0;0;0;64;
120060905000033;8;0;77977;77977;0;37;26;18;11;6;0;1;1;0;5;
120060905000034;8;0;45815;45815;0;14;25;18;16;7;0;0;0;0;141;
120060905000036;1;10;365252;360403;4849;27;60;106;93;27;3;3;1;1;14;
120060905000037;1;1;436671;435171;1500;16;20;50;54;37;9;13;2;3;7;
120060905000038;1;0;426159;426159;0;28;64;112;97;38;10;4;1;0;4;
120060905000039;8;0;41908;41908;0;6;14;17;12;4;0;0;0;0;28;
120060905000042;8;"X";"X";"X";"X";"X";"X";"X";"X";"X";"X";"X";"X";"X";"X";
120060905000043;8;0;29752;29752;0;17;23;18;1;0;0;0;0;0;5;
120060905000044;8;0;73046;73046;0;21;17;25;9;8;2;0;1;0;26;
120060905000045;8;0;53780;53780;0;61;19;15;15;0;0;0;0;0;17;
120060905000046;8;0;2580;2580;0;2;1;0;0;1;0;0;0;0;10;
120060905000047;8;0;33733;33733;0;18;24;17;8;0;0;0;0;0;5;
120060905000048;8;0;102953;102953;0;72;63;42;21;3;0;0;0;0;51;
120070805000001;1;1;387129;386619;510;11;10;42;64;41;14;15;9;2;5;
120070805000002;1;0;432354;432354;0;2;10;29;56;60;17;14;6;1;10;
120070805000003;1;0;635797;635797;0;27;58;105;130;70;14;11;9;1;13;
120070805000004;1;0;263529;263529;0;27;58;99;74;24;1;2;2;1;41;
120070805000005;1;1;467866;467266;600;11;43;98;104;58;11;12;5;2;49;
120070805000006;1;0;597778;597778;0;6;30;61;128;95;27;10;10;1;3;
120070805000007;8;0;57595;57595;0;18;19;17;19;5;0;1;0;0;3;
120070805000008;8;0;14691;14691;0;9;11;5;5;0;0;0;0;0;48;
120070805000009;8;0;2310;2310;0;0;0;1;0;1;0;0;0;0;14;
120070805000010;1;2;251171;250437;734;29;45;101;64;22;4;2;1;0;67;
120070805000011;8;0;183569;183569;0;17;37;59;61;23;4;4;0;0;5;
120070805000012;8;0;98703;98703;0;7;11;17;27;12;2;0;1;1;21;
120070805000013;8;0;76536;76536;0;43;33;28;30;5;1;1;0;0;45;
120070805000014;8;0;54286;54286;0;20;21;21;18;4;1;0;0;0;8;
120070805000015;8;1;45013;44503;510;22;13;20;10;2;0;0;1;1;7;
120070805000016;8;1;20622;20622;0;10;10;16;2;0;0;0;0;0;13;
120070805000017;8;0;40233;40233;0;32;27;12;9;0;0;0;0;0;28;
120070805000019;1;3;345977;345077;900;22;42;104;112;43;2;3;1;1;24;
120070805000020;8;0;77348;77348;0;21;21;27;24;6;3;2;0;0;27;
120070805000021;8;0;130047;130047;0;12;30;43;23;17;2;3;2;0;8;
120070805000022;8;0;112611;112611;0;42;46;48;28;11;2;0;0;0;15;
120070805000023;8;0;8108;8108;0;1;2;2;0;2;0;0;0;0;1;
120070805000024;2;0;32140;32140;0;5;6;10;5;5;1;1;0;0;0;
120070805000025;2;0;26184;26184;0;1;0;5;4;7;1;0;1;0;0;
120070805000026;2;0;29310;29310;0;0;1;8;5;5;0;1;0;0;0;
120070805000027;1;1;150416;145416;5000;7;12;29;36;18;4;6;0;0;1;
120070805000028;1;0;489118;489118;0;2;13;24;63;58;18;12;11;2;4;
120080705000001;1;0;282874;282874;0;18;41;65;83;34;7;8;2;0;28;
120080705000002;1;0;197901;197901;0;31;42;59;55;16;4;1;2;0;36;
120080705000003;8;0;133319;133319;0;54;58;71;33;4;2;0;0;0;44;
120080705000004;8;0;76663;76663;0;23;21;33;27;4;1;1;0;0;39;
120080705000005;8;0;101727;101727;0;10;20;30;32;10;1;2;0;0;8;
120080705000006;8;0;186733;186733;0;4;25;49;47;11;6;5;1;0;4;
120080705000007;5;1;420274;419874;400;5;23;76;80;54;13;10;5;1;6;
120080705000008;8;0;78372;78372;0;7;18;27;24;6;2;0;0;0;7;
120080705000009;5;0;228904;228904;0;21;59;86;73;24;3;2;0;0;21;
120080705000010;8;0;72334;72334;0;16;14;33;21;9;0;1;0;0;40;
120080705000011;8;1;122878;122368;510;24;32;39;41;8;2;0;2;0;161;
120080705000012;8;0;102185;102185;0;10;11;21;28;12;2;1;2;0;2;
120080705000013;8;0;269234;269234;0;10;32;49;45;10;2;2;1;1;3;
120080705000014;5;0;478421;478421;0;15;58;112;128;52;10;8;1;1;12;
120080705000015;5;3;230560;226600;3960;23;55;100;94;11;1;1;0;0;39;
120080705000016;5;2;151739;147539;4200;17;32;60;44;16;3;2;1;0;47;
120080705000017;5;0;61545;61545;0;0;14;14;25;6;1;0;0;0;0;
120080705000018;8;0;52763;52763;0;13;16;25;22;4;0;0;0;0;34;
120080705000019;5;1;164078;162038;2040;5;18;37;34;30;4;1;1;0;5;
120080705000020;8;0;12133;12133;0;5;5;7;3;1;0;0;0;0;7;
120080705000021;8;2;195151;194131;1020;5;36;67;65;19;1;2;0;0;3;
